"project","phase","task_id","task_title","status","branch","commit","pull_request","learn_gate","coding_gate","tests","review_status","environment","artifact_links","blocker","next_action","updated_date"
"P1","0","P1-00","Kickoff, baseline assessment and delivery charter","IN_REVIEW","docs/p1-00-charter","c52cb1f","https://github.com/DeepData07/project-1/pull/1","OPEN","OPEN","N/A docs-only","PR_REVIEWED","LOCAL","docs/project-charter.md; docs/skill-baseline.md; https://github.com/DeepData07/project-1/pull/1","","Update PR body with required review sections, then merge after approval","2026-07-26"
"P1","0","P1-01","Local toolchain and account safety check","NOT_STARTED","","","","CLOSED","CLOSED","","","LOCAL","","","Read task assignment and prerequisites",""
"P1","1","P1-02","Product requirements and acceptance scenarios","NOT_STARTED","","","","CLOSED","CLOSED","","","LOCAL","","","Read task assignment and prerequisites",""
"P1","1","P1-03","NFRs, capacity model and cost envelope","NOT_STARTED","","","","CLOSED","CLOSED","","","LOCAL","","","Read task assignment and prerequisites",""
"P1","1","P1-04","Architecture context, containers and ADR backlog","NOT_STARTED","","","","CLOSED","CLOSED","","","LOCAL","","","Read task assignment and prerequisites",""
"P1","2","P1-05","uv workspace and source-layout scaffold","NOT_STARTED","","","","CLOSED","CLOSED","","","LOCAL","","","Read task assignment and prerequisites",""
"P1","2","P1-06","Quality gates and pull-request CI","NOT_STARTED","","","","CLOSED","CLOSED","","","LOCAL","","","Read task assignment and prerequisites",""
"P1","3","P1-07","Data inventory, licensing and pilot corpus","NOT_STARTED","","","","CLOSED","CLOSED","","","LOCAL","","","Read task assignment and prerequisites",""
"P1","3","P1-08","Data profiling and quality report","NOT_STARTED","","","","CLOSED","CLOSED","","","LOCAL","","","Read task assignment and prerequisites",""
"P1","3","P1-09","Canonical content and metadata contract","NOT_STARTED","","","","CLOSED","CLOSED","","","LOCAL","","","Read task assignment and prerequisites",""
"P1","4","P1-10","Relational domain schema and migrations","NOT_STARTED","","","","CLOSED","CLOSED","","","LOCAL","","","Read task assignment and prerequisites",""
"P1","4","P1-11","pgvector exact search and index experiments","NOT_STARTED","","","","CLOSED","CLOSED","","","LOCAL","","","Read task assignment and prerequisites",""
"P1","5","P1-12","Ingestion state machine and idempotency design","NOT_STARTED","","","","CLOSED","CLOSED","","","LOCAL","","","Read task assignment and prerequisites",""
"P1","5","P1-13","Parsers, normalization and deterministic cleaning","NOT_STARTED","","","","CLOSED","CLOSED","","","LOCAL","","","Read task assignment and prerequisites",""
"P1","5","P1-14","Chunking laboratory and selection","NOT_STARTED","","","","CLOSED","CLOSED","","","LOCAL","","","Read task assignment and prerequisites",""
"P1","5","P1-15","Embedding pipeline and versioned indexing","NOT_STARTED","","","","CLOSED","CLOSED","","","LOCAL","","","Read task assignment and prerequisites",""
"P1","6","P1-16","Naive dense RAG","NOT_STARTED","","","","CLOSED","CLOSED","","","LOCAL","","","Read task assignment and prerequisites",""
"P1","6","P1-17","Golden evaluation set and baseline report","NOT_STARTED","","","","CLOSED","CLOSED","","","LOCAL","","","Read task assignment and prerequisites",""
"P1","7","P1-18","OpenSearch lexical and vector retrieval","NOT_STARTED","","","","CLOSED","CLOSED","","","LOCAL","","","Read task assignment and prerequisites",""
"P1","7","P1-19","Hybrid fusion and reranking","NOT_STARTED","","","","CLOSED","CLOSED","","","LOCAL","","","Read task assignment and prerequisites",""
"P1","7","P1-20","Query rewriting, multi-query and corrective retrieval","NOT_STARTED","","","","CLOSED","CLOSED","","","LOCAL","","","Read task assignment and prerequisites",""
"P1","7","P1-21","Hierarchical retrieval and GraphRAG decision","NOT_STARTED","","","","CLOSED","CLOSED","","","LOCAL","","","Read task assignment and prerequisites",""
"P1","8","P1-22","Learning policy and hint-level state machine","NOT_STARTED","","","","CLOSED","CLOSED","","","LOCAL","","","Read task assignment and prerequisites",""
"P1","8","P1-23","Hint generation and leakage evaluation","NOT_STARTED","","","","CLOSED","CLOSED","","","LOCAL","","","Read task assignment and prerequisites",""
"P1","8","P1-24","Concept explanation and prerequisite graph","NOT_STARTED","","","","CLOSED","CLOSED","","","LOCAL","","","Read task assignment and prerequisites",""
"P1","8","P1-25","Student profile, mastery and memory privacy","NOT_STARTED","","","","CLOSED","CLOSED","","","LOCAL","","","Read task assignment and prerequisites",""
"P1","9","P1-26","Code-debugging workflow without execution","NOT_STARTED","","","","CLOSED","CLOSED","","","LOCAL","","","Read task assignment and prerequisites",""
"P1","9","P1-27","Sandboxed code execution and test loop","NOT_STARTED","","","","CLOSED","CLOSED","","","LOCAL","","","Read task assignment and prerequisites",""
"P1","9","P1-28","Video ingestion, multimodal embeddings and timestamp retrieval","NOT_STARTED","","","","CLOSED","CLOSED","","","LOCAL","","","Read task assignment and prerequisites",""
"P1","10","P1-29","Stateful supervisor graph","NOT_STARTED","","","","CLOSED","CLOSED","","","LOCAL","","","Read task assignment and prerequisites",""
"P1","10","P1-30","MCP tool contracts and AgentCore Gateway","NOT_STARTED","","","","CLOSED","CLOSED","","","LOCAL","","","Read task assignment and prerequisites",""
"P1","10","P1-31","Human-in-the-loop approval and instructor escalation","NOT_STARTED","","","","CLOSED","CLOSED","","","LOCAL","","","Read task assignment and prerequisites",""
"P1","11","P1-32","FastAPI service boundary, identity and authorization","NOT_STARTED","","","","CLOSED","CLOSED","","","LOCAL","","","Read task assignment and prerequisites",""
"P1","11","P1-33","Streaming RAG and feedback APIs","NOT_STARTED","","","","CLOSED","CLOSED","","","LOCAL","","","Read task assignment and prerequisites",""
"P1","11","P1-34","Domain UI integration checkpoints","NOT_STARTED","","","","CLOSED","CLOSED","","","LOCAL","","","Read task assignment and prerequisites",""
"P1","12","P1-35","Guardrails, prompt-injection defense and policy tests","NOT_STARTED","","","","CLOSED","CLOSED","","","LOCAL","","","Read task assignment and prerequisites",""
"P1","12","P1-36","OpenTelemetry traces, metrics, logs and cost accounting","NOT_STARTED","","","","CLOSED","CLOSED","","","LOCAL","","","Read task assignment and prerequisites",""
"P1","12","P1-37","CDK infrastructure and environment deployment","NOT_STARTED","","","","CLOSED","CLOSED","","","LOCAL","","","Read task assignment and prerequisites",""
"P1","12","P1-38","Load, resilience and failure-injection testing","NOT_STARTED","","","","CLOSED","CLOSED","","","LOCAL","","","Read task assignment and prerequisites",""
"P1","13","P1-39","Staging qualification and release candidate","NOT_STARTED","","","","CLOSED","CLOSED","","","LOCAL","","","Read task assignment and prerequisites",""
"P1","13","P1-40","Production canary and rollback drill","NOT_STARTED","","","","CLOSED","CLOSED","","","LOCAL","","","Read task assignment and prerequisites",""
"P1","13","P1-41","Maintenance, model/index refresh and incident runbooks","NOT_STARTED","","","","CLOSED","CLOSED","","","LOCAL","","","Read task assignment and prerequisites",""
"P1","13","P1-42","Interview package and architecture defense","NOT_STARTED","","","","CLOSED","CLOSED","","","LOCAL","","","Read task assignment and prerequisites",""
"P2","0","P2-00","Kickoff and quality failure taxonomy","NOT_STARTED","","","","CLOSED","CLOSED","","","LOCAL","","","Read task assignment and prerequisites",""
"P2","0","P2-01","Success metrics, budget and experiment governance","NOT_STARTED","","","","CLOSED","CLOSED","","","LOCAL","","","Read task assignment and prerequisites",""
"P2","1","P2-02","uv workspace and training repository scaffold","NOT_STARTED","","","","CLOSED","CLOSED","","","LOCAL","","","Read task assignment and prerequisites",""
"P2","1","P2-03","ML-oriented CI, image build and security gates","NOT_STARTED","","","","CLOSED","CLOSED","","","LOCAL","","","Read task assignment and prerequisites",""
"P2","2","P2-04","Feedback and trace event contracts","NOT_STARTED","","","","CLOSED","CLOSED","","","LOCAL","","","Read task assignment and prerequisites",""
"P2","2","P2-05","Dataset schemas for SFT, preferences, rewards and embeddings","NOT_STARTED","","","","CLOSED","CLOSED","","","LOCAL","","","Read task assignment and prerequisites",""
"P2","2","P2-06","Data licensing, lineage and dataset cards","NOT_STARTED","","","","CLOSED","CLOSED","","","LOCAL","","","Read task assignment and prerequisites",""
"P2","3","P2-07","Acquire small approved starter datasets","NOT_STARTED","","","","CLOSED","CLOSED","","","LOCAL","","","Read task assignment and prerequisites",""
"P2","3","P2-08","Text/data EDA and quality diagnosis","NOT_STARTED","","","","CLOSED","CLOSED","","","LOCAL","","","Read task assignment and prerequisites",""
"P2","3","P2-09","Cleaning, PII, deduplication and contamination","NOT_STARTED","","","","CLOSED","CLOSED","","","LOCAL","","","Read task assignment and prerequisites",""
"P2","3","P2-10","Split strategy and frozen golden test set","NOT_STARTED","","","","CLOSED","CLOSED","","","LOCAL","","","Read task assignment and prerequisites",""
"P2","4","P2-11","Prompt and structured-output baselines","NOT_STARTED","","","","CLOSED","CLOSED","","","LOCAL","","","Read task assignment and prerequisites",""
"P2","4","P2-12","RAG and application-level baseline comparison","NOT_STARTED","","","","CLOSED","CLOSED","","","LOCAL","","","Read task assignment and prerequisites",""
"P2","5","P2-13","Evaluation runner, metric registry and reports","NOT_STARTED","","","","CLOSED","CLOSED","","","LOCAL","","","Read task assignment and prerequisites",""
"P2","5","P2-14","Human rubric and judge calibration","NOT_STARTED","","","","CLOSED","CLOSED","","","LOCAL","","","Read task assignment and prerequisites",""
"P2","5","P2-15","Regression gates and leaderboard","NOT_STARTED","","","","CLOSED","CLOSED","","","LOCAL","","","Read task assignment and prerequisites",""
"P2","6","P2-16","SFT dataset design and packing","NOT_STARTED","","","","CLOSED","CLOSED","","","LOCAL","","","Read task assignment and prerequisites",""
"P2","6","P2-17","Tiny local SFT smoke experiment","NOT_STARTED","","","","CLOSED","CLOSED","","","LOCAL","","","Read task assignment and prerequisites",""
"P2","6","P2-18","Managed Bedrock or SageMaker SFT baseline","NOT_STARTED","","","","CLOSED","CLOSED","","","LOCAL","","","Read task assignment and prerequisites",""
"P2","7","P2-19","LoRA architecture and target-module experiment","NOT_STARTED","","","","CLOSED","CLOSED","","","LOCAL","","","Read task assignment and prerequisites",""
"P2","7","P2-20","QLoRA and quantized training","NOT_STARTED","","","","CLOSED","CLOSED","","","LOCAL","","","Read task assignment and prerequisites",""
"P2","7","P2-21","Adapter lifecycle and multi-adapter decision","NOT_STARTED","","","","CLOSED","CLOSED","","","LOCAL","","","Read task assignment and prerequisites",""
"P2","8","P2-22","Preference rubric and pair construction","NOT_STARTED","","","","CLOSED","CLOSED","","","LOCAL","","","Read task assignment and prerequisites",""
"P2","8","P2-23","DPO baseline","NOT_STARTED","","","","CLOSED","CLOSED","","","LOCAL","","","Read task assignment and prerequisites",""
"P2","8","P2-24","ORPO/KTO or alternative decision experiment","NOT_STARTED","","","","CLOSED","CLOSED","","","LOCAL","","","Read task assignment and prerequisites",""
"P2","9","P2-25","Reward contract and deterministic verifiers","NOT_STARTED","","","","CLOSED","CLOSED","","","LOCAL","","","Read task assignment and prerequisites",""
"P2","9","P2-26","GRPO or managed reinforcement fine-tuning smoke run","NOT_STARTED","","","","CLOSED","CLOSED","","","LOCAL","","","Read task assignment and prerequisites",""
"P2","9","P2-27","Reward-hacking and distribution-shift review","NOT_STARTED","","","","CLOSED","CLOSED","","","LOCAL","","","Read task assignment and prerequisites",""
"P2","10","P2-28","Embedding training dataset and hard-negative mining","NOT_STARTED","","","","CLOSED","CLOSED","","","LOCAL","","","Read task assignment and prerequisites",""
"P2","10","P2-29","Dense, Matryoshka and sparse embedding experiments","NOT_STARTED","","","","CLOSED","CLOSED","","","LOCAL","","","Read task assignment and prerequisites",""
"P2","10","P2-30","Cross-encoder reranker training","NOT_STARTED","","","","CLOSED","CLOSED","","","LOCAL","","","Read task assignment and prerequisites",""
"P2","11","P2-31","Teacher data and distillation design","NOT_STARTED","","","","CLOSED","CLOSED","","","LOCAL","","","Read task assignment and prerequisites",""
"P2","11","P2-32","Teacher-student experiment","NOT_STARTED","","","","CLOSED","CLOSED","","","LOCAL","","","Read task assignment and prerequisites",""
"P2","12","P2-33","Experiment tracking and lineage","NOT_STARTED","","","","CLOSED","CLOSED","","","LOCAL","","","Read task assignment and prerequisites",""
"P2","12","P2-34","SageMaker/Step Functions training pipeline","NOT_STARTED","","","","CLOSED","CLOSED","","","LOCAL","","","Read task assignment and prerequisites",""
"P2","12","P2-35","Model/adapter registry and approval workflow","NOT_STARTED","","","","CLOSED","CLOSED","","","LOCAL","","","Read task assignment and prerequisites",""
"P2","13","P2-36","Inference packaging and deployment options","NOT_STARTED","","","","CLOSED","CLOSED","","","LOCAL","","","Read task assignment and prerequisites",""
"P2","13","P2-37","Shadow, canary and champion/challenger release","NOT_STARTED","","","","CLOSED","CLOSED","","","LOCAL","","","Read task assignment and prerequisites",""
"P2","13","P2-38","Production monitoring and drift","NOT_STARTED","","","","CLOSED","CLOSED","","","LOCAL","","","Read task assignment and prerequisites",""
"P2","13","P2-39","Safety guardrail and red-team release gate","NOT_STARTED","","","","CLOSED","CLOSED","","","LOCAL","","","Read task assignment and prerequisites",""
"P2","14","P2-40","FastAPI control-plane API","NOT_STARTED","","","","CLOSED","CLOSED","","","LOCAL","","","Read task assignment and prerequisites",""
"P2","14","P2-41","Experiment, dataset and release dashboard","NOT_STARTED","","","","CLOSED","CLOSED","","","LOCAL","","","Read task assignment and prerequisites",""
"P2","15","P2-42","Full pipeline release rehearsal","NOT_STARTED","","","","CLOSED","CLOSED","","","LOCAL","","","Read task assignment and prerequisites",""
"P2","15","P2-43","Incident, rollback and compromised-data drills","NOT_STARTED","","","","CLOSED","CLOSED","","","LOCAL","","","Read task assignment and prerequisites",""
"P2","15","P2-44","Maintenance and retraining governance","NOT_STARTED","","","","CLOSED","CLOSED","","","LOCAL","","","Read task assignment and prerequisites",""
"P2","15","P2-45","Interview defense and portfolio case study","NOT_STARTED","","","","CLOSED","CLOSED","","","LOCAL","","","Read task assignment and prerequisites",""
